PDB_target	PDB_subject	query_target	match	subject	eval	filter1_flag	filter2_flag	filter3_flag	hit_i	contact_subject_ag	contact_subject_ab	target_resid_ag	target_resid_ab	cross_ab_avail	exact_match_i	len_exact_match	RMSD_motifs	TM_score	RMSD_pval	PPI_target	PPI_subject	score_subject_subject	score_target_subject	score_target_target	score_subject_target	pval_target_subject	pval_subject_subject	zscore_target_subject
7OH0	7K8Z	NNLDRILRVGYN	NNLD      YN	NNLDSKXXXNYN	178501.0	True	True	True	2	C:440	M:55	A:1220	None	False	0,3	4	0.34	0.6854100000000001	0.07728011727589783	7OH0_CB_A	7K8Z_MN_C	5.9159040451049805	4.619653701782227	inf	inf	0.8643403714661049	0.9923981210568197	1.1000295269803497
7M51	7M53	FKEELDQWF	FKEELD  F	FKEELDKYF	2525.71	True	True	True	2,4,5	A:1149,A:1151,A:1152	L:100,H:61,H:104	A:1234,A:1236,A:1237	H:104,H:61,L:100	True	0,5	6	0.09	0.9696600000000001	0.003603257845757461	7M51_HL_A	7M53_HL_A	1.3149847984313965	2.22348952293396	3.165600299835205	2.3420863151550293	0.08619183894899507	0.0108745021649449	-1.3645845040146223
7M51	7RNJ	FKEELDQWFK	FKEELD  FK	FKEELDKYFK	282.732	True	True	True	2,4,5	B:1149,B:1151,B:1152	H:101,L:94,H:33	A:1234,A:1236,A:1237	H:104,H:61,L:100	True	0,5	6	0.1	0.9647399999999999	0.0037294143691717313	7M51_HL_A	7RNJ_HL_B	1.6355700492858887	2.1298842430114746	3.165600299835205	3.3203234672546387	0.07205747126376716	0.024586010986599516	-1.4606375249101755
7M51	7S3N	FKEELDQWF	FKEELD  F	FKEELDKYF	909.059	True	True	True	2,4,5	A:1149,A:1151,A:1152	L:33,H:61,L:101	A:1234,A:1236,A:1237	H:104,H:61,L:100	True	0,5	6	0.11	0.95729	0.003859527117160903	7M51_HL_A	7S3N_HL_A	0.9352658987045288	2.1529700756073002	3.165600299835205	3.4723217487335205	0.07536583045639711	0.003661882917814885	-1.4369519014396157
2NZ9	7N9E	PPEA	PPEA	PPEA	172079.0	True	True	True	2	B:987	D:107	A:63	None	False	0,3	4	0.39	0.6431600000000001	0.08775412064731597	2NZ9_DC_A	7N9E_D_AB	9.260607719421387	4.234569549560547	inf	inf	0.7593260863498512	0.9999999961089487	0.7041364102330514
4KSD	7MJK	SGKIA	 GKIA	TGKIA	293610.0	True	True	True	3	C:417	H:101	A:891	None	False	1,4	4	0.16	0.90694	0.04731210313568509	4KSD_B_A	7MJK_HI_C	1.52382493019104	2.2939684391021733	inf	inf	0.09813773840435203	0.018699615951631388	-1.292235859268692
4KSD	7D03	SGKIA	 GKIA	TGKIA	303140.0	True	True	True	3	A:417	H:55	A:891	None	False	1,4	4	0.31	0.7531399999999999	0.07146928523048651	4KSD_B_A	7D03_HL_A	7.803497791290283	5.480477333068848	inf	inf	0.9763014426139014	0.9999926888434876	1.9827343121454173
4KSD	7D0D	SGKIA	 GKIA	TGKIA	303117.0	True	True	True	3	B:417	F:34	A:891	None	False	1,4	4	0.29	0.76873	0.06778609066815616	4KSD_B_A	7D0D_GF_B	7.6333818435668945	3.169600486755371	inf	inf	0.34754617534884336	0.9999843778666334	-0.39195379938656133
4KSD	7D0B	SGKIA	 GKIA	TGKIA	303140.0	True	True	True	3	A:417	L:34	A:891	None	False	1,4	4	0.29	0.7688	0.06778609066815616	4KSD_B_A	7D0B_HL_A	8.48996639251709	3.133997201919556	inf	inf	0.3341090160766198	0.9999997367807895	-0.4285949350317189
4KSD	7K90	SGKIA	 GKIA	TGKIA	303117.0	True	True	True	3	C:417	O:100	A:891	None	False	1,4	4	0.34	0.71541	0.07728011727589783	4KSD_B_A	7K90_OP_C	3.734206438064575	2.8329014778137207	inf	inf	0.23014217915286506	0.5750442046933656	-0.7383786935227786
6QEE	7N0G	SGKIA	 GKIA	TGKIA	307336.0	True	True	True	3	C:417	Z:105	A:894	None	False	1,4	4	0.38	0.6650699999999999	0.08557861232489844	6QEE_CB_A	7N0G_Z_C	2.8641786575317383	1.901824712753296	inf	inf	0.045087554735265045	0.24002942208815747	-1.6944747307885955
6QEE	7D0B	SGKIA	 GKIA	TGKIA	304097.0	True	True	True	3	A:417	L:34	A:894	None	False	1,4	4	0.39	0.63565	0.08775412064731597	6QEE_CB_A	7D0B_HL_A	8.48996639251709	3.350392341613768	inf	inf	0.4184465596268432	0.9999997367807895	-0.2058691560584755
6QEE	7D00	SGKIA	 GKIA	TGKIA	304073.0	True	True	True	3	C:417	J:33	A:894	None	False	1,4	4	0.39	0.63608	0.08775412064731597	6QEE_CB_A	7D00_JN_C	2.2253940105438232	2.1282405853271484	inf	inf	0.07182625158569722	0.08649960809949964	-1.4623237868670864
6QEE	7D03	SGKIA	 GKIA	TGKIA	304097.0	True	True	True	3	A:417	H:55	A:894	None	False	1,4	4	0.42	0.6056600000000001	0.09452850689261533	6QEE_CB_A	7D03_HL_A	7.803497791290283	3.3061201572418213	inf	inf	0.40073684598124615	0.9999926888434876	-0.2514403276662776
6QEE	7D0D	SGKIA	 GKIA	TGKIA	304073.0	True	True	True	3	B:417	F:34	A:894	None	False	1,4	4	0.39	0.6359199999999999	0.08775412064731597	6QEE_CB_A	7D0D_GF_B	7.6333818435668945	3.055502653121948	inf	inf	0.3052461271423573	0.9999843778666334	-0.5093709220227632
5OGI	7K90	GVEG	GVEG	GVEG	174599.0	True	True	True	2,3	C:483,C:484	O:58,O:56	A:187,A:188	None,None	False	0,3	4	0.34	0.72951	0.07728011727589783	5OGI_Bb_A	7K90_OP_C	3.734206438064575	3.1272492408752437	inf	inf	0.3315854734736414	0.5750442046933656	-0.4355393997247557
7KBT	7VND	LPSKVG	L SKVG	LDSKVG	312969.0	True	True	True	4	C:444	V:45	A:1992	None	False	2,5	4	0.34	0.6864	0.07728011727589783	7KBT_EF_A	7VND_V_C	5.539093971252441	3.39816689491272	inf	inf	0.4377440598073101	0.9794582435861022	-0.15669133091065973
5I5K	7K8Y	SPGQT	 PGQT	APGQT	218003.0	True	True	True	3,4	D:413,D:414	I:53,I:52	A:585,A:586	None,None	False	1,4	4	0.24	0.81871	0.059220968225586174	5I5K_XY_A	7K8Y_GI_BD	4.919536590576172	1.7408065795898438	inf	inf	0.03148550852049836	0.9204283737219743	-1.8593960799918479
5I5K	7KQE	SPGQT	 PGQT	APGQT	227485.0	True	True	True	4	C:414	M:69	A:586	None	False	1,4	4	0.35	0.67608	0.07929495744269305	5I5K_XY_A	7KQE_JM_C	1.9905022382736206	2.1431422233581543	inf	inf	0.07394350347066025	0.054402931850610625	-1.4470354078800478
5I5K	7K8X	SPGQT	 PGQT	APGQT	218003.0	True	True	True	4	C:414	F:52	A:586	None	False	1,4	4	0.39	0.63267	0.08775412064731597	5I5K_XY_A	7K8X_DF_BC	1.6245397329330444	1.3955858945846558	inf	inf	0.013468772868803991	0.023942841156666006	-2.2124216296399832
5I5K	7CAC	SPGQT	 PGQT	APGQT	220335.0	True	True	True	3,4	B:413,B:414	E:54,E:101	A:585,A:586	None,None	False	1,4	4	0.22	0.8404	0.05604290472350577	5I5K_XY_A	7CAC_ED_BA	4.607409477233887	3.5188090801239014	inf	inf	0.48703624976795423	0.8615807967654765	-0.032501023865306865
5I5K	6ZDH	SPGQT	 PGQT	APGQT	218003.0	True	True	True	4	C:414	I:27	A:586	None	False	1,4	4	0.27	0.77898	0.06425155848976387	5I5K_XY_A	6ZDH_GI_C	1.6543843746185303	1.781983733177185	inf	inf	0.034590523361679004	0.025716613257316112	-1.8172355958277995
7A6E	7K90	AGKIA	 GKIA	TGKIA	310855.0	True	True	True	3	C:417	O:100	A:895	None	False	1,4	4	0.4	0.61465	0.08997070898592212	7A6E_CB_A	7K90_OP_C	3.734206438064575	2.5312070846557617	inf	inf	0.14719228213437652	0.5750442046933656	-1.0485515510624983
7A6E	7D0B	AGKIA	 GKIA	TGKIA	317562.0	True	True	True	3	A:417	L:34	A:895	None	False	1,4	4	0.29	0.75032	0.06778609066815616	7A6E_CB_A	7D0B_HL_A	8.48996639251709	3.6631946563720703	inf	inf	0.5462262539756542	0.9999997367807895	0.11613255015030712
7A6E	7D0D	AGKIA	 GKIA	TGKIA	317538.0	True	True	True	3	B:417	F:34	A:895	None	False	1,4	4	0.29	0.75025	0.06778609066815616	7A6E_CB_A	7D0D_GF_B	7.6333818435668945	4.104811668395996	inf	inf	0.7158805360947511	0.9999843778666334	0.5706470359278206
7A6E	7D03	AGKIA	 GKIA	TGKIA	317562.0	True	True	True	3	A:417	H:55	A:895	None	False	1,4	4	0.32	0.71683	0.07336768095814422	7A6E_CB_A	7D03_HL_A	7.803497791290283	4.816919326782227	inf	inf	0.9036497018250819	0.9999926888434876	1.3026315055670148
6PV7	7JMW	DDFTPS	DDFT  	DDFTGC	54287.1	True	True	True	2,3	A:428,A:429	H:97,H:97	B:173,B:174	None,None	False	0,3	4	0.2	0.85993	0.0530011786011341	6PV7_HI_AB	7JMW_HL_A	2.961543321609497	2.304839372634888	inf	inf	0.10008373646697755	0.27224174529871115	-1.2810745759439532
6PV8	7JMW	DDFTPS	DDFT  	DDFTGC	54287.1	True	True	True	2,3	A:428,A:429	H:97,H:97	B:173,B:174	None,None	False	0,3	4	0.2	0.8615299999999999	0.0530011786011341	6PV8_HI_AB	7JMW_HL_A	2.961543321609497	2.395592212677002	inf	inf	0.11744067079101739	0.27224174529871115	-1.1878783470841916
6PV8	6W41	DDFTPS	DDFT  	DDFTGC	54705.0	True	True	True	2,3	C:428,C:429	L:27,L:27	B:173,B:174	None,None	False	0,3	4	0.35	0.68001	0.07929495744269305	6PV8_HI_AB	6W41_HL_C	1.39167320728302	2.257243394851685	inf	inf	0.09176935750301196	0.013331444733987396	-1.3299379540570346
6PWU	7NDA	NITN	NITN	NITN	885492.0	True	True	True	3	A:333	H:2	E:140	None	False	0,3	4	0.37	0.6595	0.08344382731867983	6PWU_HL_ACE	7NDA_HL_CA	0.8228214383125305	2.0117230415344243	inf	inf	0.05684456671578342	0.002585988900317915	-1.581826719926488
4Z7O	7L2C	SGDSS	 GDSS	PGDSS	222702.0	True	True	True	3	B:253	C:1	D:76	None	False	1,4	4	0.26	0.79876	0.06253897054275757	4Z7O_HL_AD	7L2C_CD_B	1.6927125453948975	1.8427939414978027	inf	inf	0.03963355788917644	0.028155228974912072	-1.7549543540338843
3ZDZ	7L2C	SGDSS	 GDSS	PGDSS	222702.0	True	True	True	3	B:253	C:1	D:76	None	False	1,4	4	0.27	0.79195	0.06425155848976387	3ZDZ_HL_AD	7L2C_CD_B	1.6927125453948975	2.1865923404693604	inf	inf	0.08039023213009133	0.028155228974912072	-1.402451498367146
3ZE0	7L2C	SGDSS	 GDSS	PGDSS	222702.0	True	True	True	3	B:253	C:1	D:76	None	False	1,4	4	0.27	0.78828	0.06425155848976387	3ZE0_HL_AD	7L2C_CD_B	1.6927125453948975	2.2698569297790527	inf	inf	0.09392106948568357	0.028155228974912072	-1.3169895154772289
4Z7N	7L2C	SGDSS	 GDSS	PGDSS	222702.0	True	True	True	3	B:253	C:1	D:76	None	False	1,4	4	0.26	0.80213	0.06253897054275757	4Z7N_HL_AD	7L2C_CD_B	1.6927125453948975	1.7048070430755615	inf	inf	0.02896371929816033	0.028155228974912072	-1.896246639395823
6ULC	7CAC	GPGQTFATGD	 PGQT    D	APGQTGKIAD	60269.1	True	True	True	4	B:414	E:101	A:315	None	False	1,4	4	0.4	0.63157	0.08997070898592212	6ULC_HL_AE	7CAC_ED_BA	4.607409477233887	2.871999263763428	inf	inf	0.24253747118730629	0.8615807967654765	-0.6981635122238682
6ULC	7P7A	GPGQTFATGD	 PGQT    D	APGQTGKIAD	59644.7	True	True	True	4	E:414	D:110	E:315	None	False	1,4	4	0.38	0.66142	0.08557861232489844	6ULC_HL_AE	7P7A_D_E	3.1359987258911133	2.980294942855835	inf	inf	0.27868426285553505	0.3348589838516265	-0.5867546092804778
6ULC	7N9B	GPGQTFATGD	 PGQT    D	APGQTGKIAD	61565.2	True	True	True	4	B:506	F:1	A:315	None	False	1,4	4	0.43	0.59137	0.09687038312413254	6ULC_HL_AE	7N9B_D_A	5.550773620605469	1.9990994930267327	inf	inf	0.055381898796945106	0.9800425787386504	-1.5947694653298004
2NZ9	7N9E	PPEA	PPEA	PPEA	171946.0	True	True	True	2,3	B:987,B:988	D:107,D:107	B:63,B:64	None,None	False	0,3	4	0.31	0.7319399999999999	0.07146928523048651	2NZ9_FE_B	7N9E_D_AB	9.260607719421387	4.732651710510254	inf	inf	0.8880272850869659	0.9999999961089487	1.2161036775055973
5I5K	7K8X	SPGQT	 PGQT	APGQT	220509.0	True	True	True	4	C:414	F:52	B:586	None	False	1,4	4	0.39	0.63148	0.08775412064731597	5I5K_HL_B	7K8X_DF_BC	1.6245397329330444	2.117705821990967	inf	inf	0.07035781765418159	0.023942841156666006	-1.4731312990659786
5I5K	6ZDH	SPGQT	 PGQT	APGQT	220509.0	True	True	True	4	C:414	I:27	B:586	None	False	1,4	4	0.28	0.77405	0.06600045455556904	5I5K_HL_B	6ZDH_GI_C	1.6543843746185303	2.0009398460388184	inf	inf	0.05559326178000623	0.025716613257316112	-1.5928826305309145
5I5K	7CAC	SPGQT	 PGQT	APGQT	222868.0	True	True	True	3,4	B:413,B:414	E:54,E:101	B:585,B:586	None,None	False	1,4	4	0.21	0.8461799999999999	0.054505226575517166	5I5K_HL_B	7CAC_ED_BA	4.607409477233887	4.0950117111206055	inf	inf	0.7124525474203687	0.8615807967654765	0.5605638440405526
5I5K	7K8Y	SPGQT	 PGQT	APGQT	220509.0	True	True	True	3,4	D:413,D:414	I:53,I:52	B:585,B:586	None,None	False	1,4	4	0.23	0.8256100000000001	0.05761466796543495	5I5K_HL_B	7K8Y_GI_BD	4.919536590576172	1.7292474508285522	inf	inf	0.030656648875199477	0.9204283737219743	-1.8712293539401879
6PV8	7JMW	DDFTPS	DDFT  	DDFTGC	54287.1	True	True	True	2,3	A:428,A:429	H:97,H:97	E:173,E:174	None,None	False	0,3	4	0.31	0.73548	0.07146928523048651	6PV8_FG_DE	7JMW_HL_A	2.961543321609497	2.213487148284912	inf	inf	0.08458891328191198	0.27224174529871115	-1.3748504083169073
6PV7	7JMW	DDFTPS	DDFT  	DDFTGC	54287.1	True	True	True	2,3	A:428,A:429	H:97,H:97	E:173,E:174	None,None	False	0,3	4	0.31	0.73453	0.07146928523048651	6PV7_FG_DE	7JMW_HL_A	2.961543321609497	2.154376983642578	inf	inf	0.07557114433955214	0.27224174529871115	-1.4355083568647256
6VTT	7P7A	GPGQT	 PGQT	APGQT	65931.8	True	True	True	4	E:414	D:110	F:315	None	False	1,4	4	0.06	0.9880399999999999	0.03521645923895538	6VTT_HL_GFE	7P7A_D_E	3.1359987258911133	2.7129955291748047	inf	inf	0.19442993825829258	0.3348589838516265	-0.8616868269019212
6GFF	7N4M	LYNSTR	LYNS  	LYNSAS	60073.4	True	True	True	2	A:369	H:102	C:81	None	False	0,3	4	0.25	0.81242	0.06086225410386604	6GFF_LK_ICD	7N4M_HL_A	1.409757375717163	2.0613811016082764	inf	inf	0.06289645510767894	0.013976470693842558	-1.530904850761295
6GFF	7KQE	LYNS	LYNS	LYNS	1208.74	True	True	True	2	C:369	J:100	C:81	None	False	0,3	4	0.29	0.7448	0.06778609066815616	6GFF_LK_ICD	7KQE_JM_C	1.9905022382736206	1.8968657255172727	inf	inf	0.044607217030540824	0.054402931850610625	-1.6995562048483528
6GFF	7N9E	LYNS	LYNS	LYNS	1221.61	True	True	True	2	A:369	D:47	C:81	None	False	0,3	4	0.15	0.9144200000000001	0.04596929970714394	6GFF_LK_ICD	7N9E_D_AB	9.260607719421387	5.728766441345215	inf	inf	0.9873409574666003	0.9999999961089487	2.2365145535581004
6BT3	7RW2	KHTP	KHTP	KHTP	63983.9	True	True	True	2	C:207	I:100	K:431	None	False	0,3	4	0.21	0.8501799999999999	0.054505226575517166	6BT3_HG_KJ	7RW2_IK_C	1.5256657600402832	1.8285435438156128	inf	inf	0.03840094541454819	0.018785844585986977	-1.7695514612853391
