PDB_target	PDB_subject	query_target	match	subject	hit_i	contact_subject_ag	contact_subject_ab	target_resid_ag	target_resid_ab	cross_ab_avail	exact_match_i	len_exact_match	RMSD_motifs	TM_score	RMSD_pval	PPI_target	PPI_subject	score_subject_subject	score_target_subject	score_target_target	score_subject_target	pval_target_subject	pval_subject_subject	zscore_target_subject	antigen_name	organism	authors
5I5K	7K8X	SPGQT	 PGQT	APGQT	4	C:414	F:52	A:586	None	False	1,4	4	0.39	0.63267	0.08775412064731597	5I5K_XY_A	7K8X_DF_BC	1.6245397329330444	1.3955858945846558	inf	inf	0.013468772868803993	0.02394284115666601	-2.2124216296399832	complement c5	HOMO SAPIENS	Schatz-Jakobsen, J.A., Andersen, G.R.
4Z7N	7L2C	SGDSS	 GDSS	PGDSS	3	B:253	C:1	D:76	None	False	1,4	4	0.26	0.80213	0.06253897054275757	4Z7N_HL_AD	7L2C_CD_B	1.6927125453948977	1.7048070430755615	inf	inf	0.028963719298160332	0.028155228974912076	-1.8962466393958233	integrin alpha-iib	HOMO SAPIENS; MUS MUSCULUS; SYNTHETIC CONSTRUCT	Lin, F.-Y., Zhu, J., Springer, T.A.
6BT3	7RW2	KHTP	KHTP	KHTP	2	C:207	I:100	K:431	None	False	0,3	4	0.21	0.8501799999999999	0.054505226575517166	6BT3_HG_KJ	7RW2_IK_C	1.5256657600402832	1.8285435438156128	inf	inf	0.038400945414548186	0.018785844585986974	-1.7695514612853391	major capsid protein l1	MUS MUSCULUS; HUMAN PAPILLOMAVIRUS TYPE 16	Guan, J., Bywaters, S.M., Brendle, S.A., Ashley, R.E., Makhov, A.M., Conway, J.F., Christensen, N.D., Hafenstein, S.
6GFF	7KQE	LYNS	LYNS	LYNS	2	C:369	J:100	C:81	None	False	0,3	4	0.29	0.7448	0.06778609066815616	6GFF_LK_ICD	7KQE_JM_C	1.9905022382736208	1.8968657255172727	inf	inf	0.04460721703054082	0.05440293185061063	-1.6995562048483528	leucine-rich repeat-containing protein 32 | transforming growth factor beta-1 | transforming growth factor beta-1	HOMO SAPIENS; MUS MUSCULUS	Merceron, R., Lienart, S., Vanderaa, C., Colau, D., Stockis, J., Van Der Woning, B., De Haard, H., Saunders, M., Coulie, P.G., Savvides, S.N., Lucas, S.
6QEE	7N0G	SGKIA	 GKIA	TGKIA	3	C:417	Z:105	A:894	None	False	1,4	4	0.38	0.6650699999999999	0.08557861232489844	6QEE_CB_A	7N0G_Z_C	2.8641786575317383	1.901824712753296	inf	inf	0.04508755473526505	0.2400294220881575	-1.6944747307885957	abcb1hm-eq	HOMO SAPIENS; MUS MUSCULUS	Alam, A.
6ULC	7N9B	GPGQTFATGD	 PGQT    D	APGQTGKIAD	4	B:506	F:1	A:315	None	False	1,4	4	0.43	0.59137	0.09687038312413254	6ULC_HL_AE	7N9B_D_A	5.550773620605469	1.9990994930267327	inf	inf	0.05538189879694511	0.9800425787386504	-1.5947694653298004	envelope glycoprotein gp120,envelope glycoprotein gp120 | envelope glycoprotein gp120,envelope glycoprotein gp120	HUMAN IMMUNODEFICIENCY VIRUS 1; HOMO SAPIENS	Pan, J., Chen, B., Harrison, S.C.
6PWU	7NDA	NITN	NITN	NITN	3	A:333	H:2	E:140	None	False	0,3	4	0.37	0.6595	0.08344382731867983	6PWU_HL_ACE	7NDA_HL_CA	0.8228214383125305	2.0117230415344243	inf	inf	0.056844566715783425	0.002585988900317915	-1.5818267199264882	envelope glycoprotein gp160 | envelope glycoprotein gp160 | envelope glycoprotein gp160	HUMAN IMMUNODEFICIENCY VIRUS 1; HOMO SAPIENS	Pan, J., Chen, B., Harrison, S.C.
6GFF	7N4M	LYNSTR	LYNS  	LYNSAS	2	A:369	H:102	C:81	None	False	0,3	4	0.25	0.81242	0.06086225410386604	6GFF_LK_ICD	7N4M_HL_A	1.409757375717163	2.0613811016082764	inf	inf	0.06289645510767894	0.013976470693842558	-1.530904850761295	leucine-rich repeat-containing protein 32 | transforming growth factor beta-1 | transforming growth factor beta-1	HOMO SAPIENS; MUS MUSCULUS	Merceron, R., Lienart, S., Vanderaa, C., Colau, D., Stockis, J., Van Der Woning, B., De Haard, H., Saunders, M., Coulie, P.G., Savvides, S.N., Lucas, S.
7M51	7RNJ	FKEELDQWFK	FKEELD  FK	FKEELDKYFK	2,4,5	B:1149,B:1151,B:1152	H:101,L:94,H:33	A:1234,A:1236,A:1237	H:104,H:61,L:100	True	0,5	6	0.1	0.96474	0.0037294143691717313	7M51_HL_A	7RNJ_HL_B	1.635570049285889	2.1298842430114746	3.165600299835205	3.3203234672546387	0.07205747126376716	0.02458601098659952	-1.4606375249101755	spike glycoprotein stem helix peptide	MUS MUSCULUS; SYNTHETIC CONSTRUCT	Sauer, M.M., Park, Y.J., Veesler, D., Seattle Structural Genomics Center for Infectious Disease (SSGCID)
7M51	7S3N	FKEELDQWF	FKEELD  F	FKEELDKYF	2,4,5	A:1149,A:1151,A:1152	L:33,H:61,L:101	A:1234,A:1236,A:1237	H:104,H:61,L:100	True	0,5	6	0.11	0.95729	0.003859527117160903	7M51_HL_A	7S3N_HL_A	0.9352658987045288	2.1529700756073	3.165600299835205	3.4723217487335205	0.07536583045639711	0.0036618829178148853	-1.4369519014396157	spike glycoprotein stem helix peptide	MUS MUSCULUS; SYNTHETIC CONSTRUCT	Sauer, M.M., Park, Y.J., Veesler, D., Seattle Structural Genomics Center for Infectious Disease (SSGCID)
6PV7	7JMW	DDFTPS	DDFT  	DDFTGC	2,3	A:428,A:429	H:97,H:97	E:173,E:174	None,None	False	0,3	4	0.31	0.73453	0.07146928523048651	6PV7_FG_DE	7JMW_HL_A	2.961543321609497	2.154376983642578	inf	inf	0.07557114433955214	0.27224174529871115	-1.4355083568647256	fusion protein of neuronal acetylcholine receptor subunitalpha-3 and soluble cytochrome b562  | fusion protein of neuronal acetylcholine receptor subunitbeta-4 and soluble cytochrome b562 	HOMO SAPIENS; ESCHERICHIA COLI O11; MUS MUSCULUS	Gharpure, A., Teng, J., Zhuang, Y., Noviello, C.M., Walsh, R.M., Cabuco, R., Howard, R.J., Zaveri, N.T., Lindahl, E., Hibbs, R.E.
7A6E	7ND4	AGKIA	 GKIA	TGKIA	3	C:417	L:51	A:895	None	False	1,4	4	0.3	0.7388899999999999	0.0696088937231276	7A6E_CB_A	7ND4_HL_C	2.4229516983032227	2.457256317138672	inf	inf	0.1303930557402362	0.12307007867808295	-1.1245350462651311	multidrug resistance protein 1	HOMO SAPIENS; MUS MUSCULUS	Nosol, K., Locher, K.P.
7S6C	7CR5	GTTL	GTTL	GTTL	3	A:166	L:98	A:350	None	False	0,3	4	0.28	0.76857	0.06600045455556904	7S6C_EG_A	7CR5_HL_A	1.4051151275634766	2.518935441970825	inf	inf	0.14430816817173742	0.01380836748715164	-1.0611618880045386	6-deoxyerythronolide-b synthase erya2, modules 3 and 4,lsd14 polyketide synthase fusion 	SACCHAROPOLYSPORA ERYTHRAEA; STREPTOMYCES LASALOCIDI; HOMO SAPIENS	Bagde, S.R., Kim, C.-Y., Fromme, J.C.
6OQ5	6ZDH	DFTGKLI	DFTG  I	DFTGCVI	2,3	C:429,C:430	I:92,I:92	A:1926,A:1927	None,None	False	0,3	4	0.28	0.7698	0.06600045455556904	6OQ5_D_A	6ZDH_GI_C	1.6543843746185305	2.536792039871216	inf	inf	0.1485176223924798	0.025716613257316112	-1.0428122756823828	toxin b	CLOSTRIDIOIDES DIFFICILE; CAMELIDAE	Chen, P., Lam, K., Jin, R.
6ULC	7N5H	GPGQT	 PGQT	APGQT	4	C:414	K:56	A:315	None	False	1,4	4	0.36	0.68512	0.08134940025183568	6ULC_HL_AE	7N5H_JK_C	2.0892188549041752	2.576028823852539	inf	inf	0.15805391593372442	0.06650297914031345	-1.0024882641236363	envelope glycoprotein gp120,envelope glycoprotein gp120 | envelope glycoprotein gp120,envelope glycoprotein gp120	HUMAN IMMUNODEFICIENCY VIRUS 1; HOMO SAPIENS	Pan, J., Chen, B., Harrison, S.C.
5XEZ	7S3N	KSELDK	K ELDK	KEELDK	4,5	A:1152,A:1153	L:101,H:109	A:1046,A:1047	None,None	False	2,5	4	0.18	0.8837799999999999	0.050092140446776116	5XEZ_CD_A	7S3N_HL_A	0.9352658987045288	2.8984622955322266	inf	inf	0.2511287008576155	0.0036618829178148853	-0.6709421212664597	glucagon receptor,endolysin,glucagon receptor	HOMO SAPIENS	Zhang, H., Qiao, A., Yang, D., Yang, L., Dai, A., de Graaf, C., Reedtz-Runge, S., Dharmarajan, V., Zhang, H., Han, G.Y., Grant, T., Sierra, R., Weierstall, U., Nelson, G., Liu, W., Wu, Y., Ma, L., Cai, X., Lin, G., Wu, X., Geng, Z., Dong, Y., Song, G., Griffin, P., Lau, J., Cherezov, V., Yang, H., Hanson, M., Stevens, R., Jiang, H., Wang, M., Zhao, Q., Wu, B.
6SSP	7L2D	TPGDKP	TPGD  	TPGDSS	3	A:252	H:101	G:52	None	False	0,3	4	0.26	0.79109	0.06253897054275757	6SSP_L_HGFIJ	7L2D_HL_A	1.3449883460998535	2.999583959579468	inf	inf	0.2853881690659609	0.011784220589936334	-0.5669085158641541	cys-loop ligand-gated ion channel | cys-loop ligand-gated ion channel | cys-loop ligand-gated ion channel | cys-loop ligand-gated ion channel | cys-loop ligand-gated ion channel	DICKEYA CHRYSANTHEMI; LAMA GLAMA	Ulens, C., Brams, M., Evans, G.L., Spurny, R., Govaerts, C., Pardon, E., Steyaert, J.
5OGI	7K90	GVEG	GVEG	GVEG	2,3	C:483,C:484	O:58,O:56	A:187,A:188	None,None	False	0,3	4	0.34	0.72951	0.07728011727589783	5OGI_Bb_A	7K90_OP_C	3.734206438064575	3.127249240875244	inf	inf	0.3315854734736414	0.5750442046933656	-0.4355393997247557	hexon protein	MUS MUSCULUS; HUMAN ADENOVIRUS C SEROTYPE 5	Schmid, M., Ernst, P., Honegger, A., Suomalainen, M., Zimmermann, M., Braun, L., Stauffer, S., Thom, C., Dreier, B., Eibauer, M., Kipar, A., Vogel, V., Greber, U.F., Medalia, O., Plueckthun, A.
7KBT	7VND	LPSKVG	L SKVG	LDSKVG	4	C:444	V:45	A:1992	None	False	2,5	4	0.34	0.6864	0.07728011727589783	7KBT_EF_A	7VND_V_C	5.539093971252441	3.39816689491272	inf	inf	0.4377440598073101	0.9794582435861022	-0.15669133091065973	coagulation factor viii,coagulation factor viii,coagulationfactor viii,coagulation factor viii,coagulation factor viii 	SUS SCROFA; HOMO SAPIENS; MUS MUSCULUS	Ronayne, E.K., Gish, J., Wilson, C., Peters, S., Spencer, H.T., Spiegel, P.C., Childers, K.C.
7DNH	7N0R	NNAA	NNAA	NNAA	2	B:154	D:100	A:179	None	False	0,3	4	0.3	0.7437699999999999	0.0696088937231276	7DNH_HL_EA	7N0R_D_B	1.616357922554016	3.4349164962768555	inf	inf	0.4526925624512693	0.023474980263419317	-0.118861448393177	major capsid protein l1 | major capsid protein l1	HUMAN PAPILLOMAVIRUS TYPE 58; MUS MUSCULUS	He, M.Z., Chi, X., Zha, Z.H., Zheng, Q.B., Gu, Y., Li, S.W., Xia, N.S.
6QEE	6WPS	MSNITN	  NITN	FPNITN	5	E:333	F:30	A:92	None	False	2,5	4	0.41	0.6203	0.09222872499141394	6QEE_CB_A	6WPS_FG_E	2.4289097785949707	3.6558873653411865	inf	inf	0.54324423563831	0.12432075038365388	0.1086103783483614	abcb1hm-eq	HOMO SAPIENS; MUS MUSCULUS	Alam, A.
6SSP	7L2D	TPGD	TPGD	TPGD	3	A:252	H:101	B:52	None	False	0,3	4	0.31	0.72828	0.07146928523048651	6SSP_K_ACBED	7L2D_HL_A	1.3449883460998535	3.932197093963623	inf	inf	0.6528474560636535	0.011784220589936334	0.3930194879696805	cys-loop ligand-gated ion channel | cys-loop ligand-gated ion channel | cys-loop ligand-gated ion channel | cys-loop ligand-gated ion channel | cys-loop ligand-gated ion channel	DICKEYA CHRYSANTHEMI; LAMA GLAMA	Ulens, C., Brams, M., Evans, G.L., Spurny, R., Govaerts, C., Pardon, E., Steyaert, J.
2NZ9	7N9E	PPEA	PPEA	PPEA	2	B:987	D:107	A:63	None	False	0,3	4	0.39	0.6431600000000001	0.08775412064731597	2NZ9_DC_A	7N9E_D_AB	9.260607719421387	4.234569549560547	inf	inf	0.7593260863498512	0.9999999961089489	0.7041364102330514	botulinum neurotoxin type a	HOMO SAPIENS; CLOSTRIDIUM BOTULINUM	Stevens, R.C., Arndt, J.W.
5LDN	7VNB	GVEGQTPKYADKTFQPEPQIG	GVEG    +    +  +P  G	GVEGFNCYFPLQSYGFQPTNG	2	B:483	A:56	A:187	None	False	0,3	4	0.41	0.64308	0.09222872499141394	5LDN_HL_A	7VNB_A_B	1.351543426513672	4.3917455673217765	inf	inf	0.8066940521803296	0.011991569619832831	0.8657780370754243	hexon protein,hexon capsid	HUMAN ADENOVIRUS C SEROTYPE 5; HUMAN ADENOVIRUS 5; MUS MUSCULUS	James, L.
7OH0	7K8Z	NNLDRILRVGYN	NNLD      YN	NNLDSKXXXNYN	2	C:440	M:55	A:1220	None	False	0,3	4	0.34	0.6854100000000001	0.07728011727589783	7OH0_CB_A	7K8Z_MN_C	5.9159040451049805	4.619653701782227	inf	inf	0.8643403714661049	0.9923981210568196	1.1000295269803495	tetanus toxin	CLOSTRIDIUM TETANI; HOMO SAPIENS	Grinzato, A., Kandiah, E., Zanotti, G.
7S6D	7N3C	TEGA	TEGA	TEGA	2,3	C:136,C:137	H:105,H:103	A:617,A:618	None,None	False	0,3	4	0.12	0.94853	0.042124153157859175	7S6D_EG_A	7N3C_HL_C	1.566199541091919	6.544249534606934	inf	inf	0.9989171503034692	0.020772347042528727	3.0665150033325443	6-deoxyerythronolide-b synthase erya2, modules 3 and 4,lsd14 polyketide synthase fusion 	SACCHAROPOLYSPORA ERYTHRAEA; STREPTOMYCES LASALOCIDI; HOMO SAPIENS	Bagde, S.R., Kim, C.-Y., Fromme, J.C.
6EQC	7MJI	GVEGQTPKYADKTFQPEPQIG	GVEG    +    +  +P  G	GVEGFNCYFPLQSYGFQPTYG	2,3	B:483,B:484	E:82,E:79	C:187,C:188	None,None	False	0,3	4	0.43	0.5939	0.09687038312413254	6EQC_Dd_A	7MJI_E_B	1.8857783079147337	inf	inf	inf	1.0	0.04354822048902696		hexon protein	MUS MUSCULUS; HUMAN ADENOVIRUS 5	Schmid, M., Ernst, P., Honegger, A., Suomalainen, M., Zimmermann, M., Braun, L., Stauffer, S., Thom, C., Dreier, B., Eibauer, M., Kipar, A., Vogel, V., Greber, U.F., Medalia, O., Plueckthun, A.
6QPG	7V26	VGGN	VGGN	VGGN	2,3	E:446,E:447	f:95,e:60	H:274,H:275	None,None	False	0,3	4	0.42	0.65603	0.09452850689261533	6QPG_O_GH	7V26_ef_E	2.7215399742126465	inf	inf	inf	1.0	0.19685703215759864		polymerase acidic protein | rna-directed rna polymerase catalytic subunit	INFLUENZA A VIRUS (STRAIN A/NORTHERN TERRITORY/60/1968 H3N2); CAMELIDAE	Fan, H.T., Keown, J.R., Fodor, E., Grimes, J.M.
6GFF	7NTC	FSSTEK	F STEK	FASTEK	5	C:96	L:51	D:290	None	False	2,5	4	0.32	0.73368	0.07336768095814422	6GFF_LK_ICD	7NTC_HL_C	inf	inf	inf	inf	1.0	1.0		leucine-rich repeat-containing protein 32 | transforming growth factor beta-1 | transforming growth factor beta-1	HOMO SAPIENS; MUS MUSCULUS	Merceron, R., Lienart, S., Vanderaa, C., Colau, D., Stockis, J., Van Der Woning, B., De Haard, H., Saunders, M., Coulie, P.G., Savvides, S.N., Lucas, S.
6LN2	7L09	QDSLAC	QDSL  	QDSLSS	3	A:937	M:99	A:223	None	False	0,3	4	0.17	0.90339	0.048686228330518055	6LN2_CB_A	7L09_MK_A	19.87697410583496	inf	inf	inf	1.0	1.0		glucagon-like peptide 1 receptor,rubredoxin,glucagon-likepeptide 1 receptor 	HOMO SAPIENS; CLOSTRIDIUM PASTEURIANUM; MUS MUSCULUS	Wu, F., Yang, L., Hang, K., Laursen, M., Wu, L., Han, G.W., Ren, Q., Roed, N.K., Lin, G., Hanson, M., Jiang, H., Wang, M., Reedtz-Runge, S., Song, G., Stevens, R.C.
